LRN,"Last Name","Middle Name","Given Name",Sex,"Grade Level",Section
100000000000,"Dela Cruz",A,Maria,Female,2,2-A
100000000001,Garcia,B,Ana,Female,2,2-A
100000000002,Reyes,C,Juana,Female,2,2-A
100000000003,Ramos,D,Carmen,Female,2,2-A
100000000004,Santos,E,Antonio,Male,2,2-A
100000000005,Bautista,F,Rosa,Female,2,2-A
100000000006,Cruz,G,Luisa,Female,2,2-A
100000000007,Aquino,H,Isabel,Female,2,2-A
100000000008,Fernandez,I,Eduardo,Male,2,2-A
100000000009,Lopez,J,Manuel,Male,2,2-A
100000000010,Mendoza,K,Daniel,Male,2,2-A
100000000011,Castillo,L,Gabriel,Male,2,2-A
100000000012,Villanueva,M,Samuel,Male,2,2-A
100000000013,Perez,N,Ava,Female,2,2-A
100000000014,Torres,O,Kevin,Male,2,2-A
100000000015,Flores,P,Mark,Male,2,2-A
100000000016,Rivera,Q,Charlotte,Female,2,2-A
100000000017,Gonzales,R,Paul,Male,2,2-A
100000000018,Morales,S,James,Male,2,2-A
100000000019,Diaz,T,Evelyn,Female,2,2-A
100000000020,Alvarez,U,Abigail,Female,2,2-A
100000000021,Rodriguez,V,Emily,Female,2,2-A
100000000022,Romero,W,Matthew,Male,2,2-A
100000000023,Adams,X,Mila,Female,2,2-A
100000000024,Ortega,Y,Joshua,Male,2,2-A
100000000025,Salazar,Z,Benjamin,Male,2,2-A
100000000026,Medina,A,Sofia,Female,2,2-A
100000000027,Francisco,B,Camila,Female,2,2-A
100000000028,Legaspi,C,Aria,Female,2,2-A
100000000029,Manalo,D,Scarlett,Female,2,2-A
100000000030,Navarro,E,Aaron,Male,2,2-A
100000000031,Santiago,F,Lucas,Male,2,2-A
100000000032,Valdez,G,Ethan,Male,2,2-A
100000000033,Espino,H,Noah,Male,2,2-A
100000000034,Castro,I,William,Male,2,2-A
100000000035,Velasco,J,Penelope,Female,2,2-A
100000000036,Mercado,K,Layla,Female,2,2-A
100000000037,"De Guzman",L,Sebastian,Male,2,2-A
100000000038,Pascual,M,Jack,Male,2,2-A
100000000039,Hernandez,N,Owen,Male,2,2-A
100000000040,Martinez,O,Leo,Male,2,2-A
100000000041,Jimenez,P,Eleanor,Female,2,2-A
100000000042,Suarez,Q,Levi,Male,2,2-A
100000000043,Padilla,R,Asher,Male,2,2-A
100000000044,Cortez,S,Addison,Female,2,2-A
100000000045,Leonardo,T,Aubrey,Female,2,2-A
100000000046,Magbanua,U,Ellie,Female,2,2-A
100000000047,Tolentino,V,Mateo,Male,2,2-A
100000000048,Arellano,W,Natalie,Female,2,2-A
100000000049,Montemayor,X,Nathan,Male,2,2-A
100000000050,"Dela Cruz",Y,Maria,Female,2,2-B
100000000051,Garcia,Z,Pedro,Male,2,2-B
100000000052,Reyes,A,Jose,Male,2,2-B
100000000053,Ramos,B,Miguel,Male,2,2-B
100000000054,Santos,C,Antonio,Male,2,2-B
100000000055,Bautista,D,Carlos,Male,2,2-B
100000000056,Cruz,E,Luisa,Female,2,2-B
100000000057,Aquino,F,Isabel,Female,2,2-B
100000000058,Fernandez,G,Teresa,Female,2,2-B
100000000059,Lopez,H,Manuel,Male,2,2-B
100000000060,Mendoza,I,Sophia,Female,2,2-B
100000000061,Castillo,J,Gabriel,Male,2,2-B
100000000062,Villanueva,K,Olivia,Female,2,2-B
100000000063,Perez,L,Ava,Female,2,2-B
100000000064,Torres,M,Kevin,Male,2,2-B
100000000065,Flores,N,Mia,Female,2,2-B
100000000066,Rivera,O,Charlotte,Female,2,2-B
100000000067,Gonzales,P,Amelia,Female,2,2-B
100000000068,Morales,Q,James,Male,2,2-B
100000000069,Diaz,R,Michael,Male,2,2-B
100000000070,Alvarez,S,Alexander,Male,2,2-B
100000000071,Rodriguez,T,Emily,Female,2,2-B
100000000072,Romero,U,Elizabeth,Female,2,2-B
100000000073,Adams,V,Andrew,Male,2,2-B
100000000074,Ortega,W,Joshua,Male,2,2-B
100000000075,Salazar,X,Avery,Female,2,2-B
100000000076,Medina,Y,Sofia,Female,2,2-B
100000000077,Francisco,Z,Camila,Female,2,2-B
100000000078,Legaspi,A,Aria,Female,2,2-B
100000000079,Manalo,B,Scarlett,Female,2,2-B
100000000080,Navarro,C,Victoria,Female,2,2-B
100000000081,Santiago,D,Lucas,Male,2,2-B
100000000082,Valdez,E,Luna,Female,2,2-B
100000000083,Espino,F,Grace,Female,2,2-B
100000000084,Castro,G,William,Male,2,2-B
100000000085,Velasco,H,Penelope,Female,2,2-B
100000000086,Mercado,I,Layla,Female,2,2-B
100000000087,"De Guzman",J,Sebastian,Male,2,2-B
100000000088,Pascual,K,Zoey,Female,2,2-B
100000000089,Hernandez,L,Nora,Female,2,2-B
100000000090,Martinez,M,Lily,Female,2,2-B
100000000091,Jimenez,N,Julian,Male,2,2-B
100000000092,Suarez,O,Hannah,Female,2,2-B
100000000093,Padilla,P,Asher,Male,2,2-B
100000000094,Cortez,Q,Addison,Female,2,2-B
100000000095,Leonardo,R,Luke,Male,2,2-B
100000000096,Magbanua,S,Thomas,Male,2,2-B
100000000097,Tolentino,T,Stella,Female,2,2-B
100000000098,Arellano,U,Connor,Male,2,2-B
100000000099,Montemayor,V,Zoe,Female,2,2-B
100000000100,"Dela Cruz",W,Juan,Male,2,2-C
100000000101,Garcia,X,Ana,Female,2,2-C
100000000102,Reyes,Y,Jose,Male,2,2-C
100000000103,Ramos,Z,Carmen,Female,2,2-C
100000000104,Santos,A,Elena,Female,2,2-C
100000000105,Bautista,B,Carlos,Male,2,2-C
100000000106,Cruz,C,Luisa,Female,2,2-C
100000000107,Aquino,D,Ricardo,Male,2,2-C
100000000108,Fernandez,E,Eduardo,Male,2,2-C
100000000109,Lopez,F,Mariana,Female,2,2-C
100000000110,Mendoza,G,Daniel,Male,2,2-C
100000000111,Castillo,H,Gabriel,Male,2,2-C
100000000112,Villanueva,I,Samuel,Male,2,2-C
100000000113,Perez,J,David,Male,2,2-C
100000000114,Torres,K,Kevin,Male,2,2-C
100000000115,Flores,L,Mia,Female,2,2-C
100000000116,Rivera,M,Charlotte,Female,2,2-C
100000000117,Gonzales,N,Paul,Male,2,2-C
100000000118,Morales,O,Harper,Female,2,2-C
100000000119,Diaz,P,Evelyn,Female,2,2-C
100000000120,Alvarez,Q,Alexander,Male,2,2-C
100000000121,Rodriguez,R,Emily,Female,2,2-C
100000000122,Romero,S,Matthew,Male,2,2-C
100000000123,Adams,T,Andrew,Male,2,2-C
100000000124,Ortega,U,Joshua,Male,2,2-C
100000000125,Salazar,V,Benjamin,Male,2,2-C
100000000126,Medina,W,Ryan,Male,2,2-C
100000000127,Francisco,X,Camila,Female,2,2-C
100000000128,Legaspi,Y,Aria,Female,2,2-C
100000000129,Manalo,Z,Tyler,Male,2,2-C
100000000130,Navarro,A,Aaron,Male,2,2-C
100000000131,Santiago,B,Lucas,Male,2,2-C
100000000132,Valdez,C,Ethan,Male,2,2-C
100000000133,Espino,D,Grace,Female,2,2-C
100000000134,Castro,E,William,Male,2,2-C
100000000135,Velasco,F,Oliver,Male,2,2-C
100000000136,Mercado,G,Layla,Female,2,2-C
100000000137,"De Guzman",H,Sebastian,Male,2,2-C
100000000138,Pascual,I,Zoey,Female,2,2-C
100000000139,Hernandez,J,Nora,Female,2,2-C
100000000140,Martinez,K,Leo,Male,2,2-C
100000000141,Jimenez,L,Julian,Male,2,2-C
100000000142,Suarez,M,Levi,Male,2,2-C
100000000143,Padilla,N,Asher,Male,2,2-C
100000000144,Cortez,O,Addison,Female,2,2-C
100000000145,Leonardo,P,Aubrey,Female,2,2-C
100000000146,Magbanua,Q,Thomas,Male,2,2-C
100000000147,Tolentino,R,Stella,Female,2,2-C
100000000148,Arellano,S,Natalie,Female,2,2-C
100000000149,Montemayor,T,Nathan,Male,2,2-C
100000000150,"Dela Cruz",U,Juan,Male,3,3-A
100000000151,Garcia,V,Pedro,Male,3,3-A
100000000152,Reyes,W,Juana,Female,3,3-A
100000000153,Ramos,X,Carmen,Female,3,3-A
100000000154,Santos,Y,Elena,Female,3,3-A
100000000155,Bautista,Z,Carlos,Male,3,3-A
100000000156,Cruz,A,Luisa,Female,3,3-A
100000000157,Aquino,B,Ricardo,Male,3,3-A
100000000158,Fernandez,C,Teresa,Female,3,3-A
100000000159,Lopez,D,Mariana,Female,3,3-A
100000000160,Mendoza,E,Sophia,Female,3,3-A
100000000161,Castillo,F,Gabriel,Male,3,3-A
100000000162,Villanueva,G,Samuel,Male,3,3-A
100000000163,Perez,H,David,Male,3,3-A
100000000164,Torres,I,Kevin,Male,3,3-A
100000000165,Flores,J,Mark,Male,3,3-A
100000000166,Rivera,K,John,Male,3,3-A
100000000167,Gonzales,L,Amelia,Female,3,3-A
100000000168,Morales,M,Harper,Female,3,3-A
100000000169,Diaz,N,Michael,Male,3,3-A
100000000170,Alvarez,O,Alexander,Male,3,3-A
100000000171,Rodriguez,P,Emily,Female,3,3-A
100000000172,Romero,Q,Elizabeth,Female,3,3-A
100000000173,Adams,R,Mila,Female,3,3-A
100000000174,Ortega,S,Ella,Female,3,3-A
100000000175,Salazar,T,Avery,Female,3,3-A
100000000176,Medina,U,Ryan,Male,3,3-A
100000000177,Francisco,V,Camila,Female,3,3-A
100000000178,Legaspi,W,Aria,Female,3,3-A
100000000179,Manalo,X,Tyler,Male,3,3-A
100000000180,Navarro,Y,Victoria,Female,3,3-A
100000000181,Santiago,Z,Lucas,Male,3,3-A
100000000182,Valdez,A,Luna,Female,3,3-A
100000000183,Espino,B,Noah,Male,3,3-A
100000000184,Castro,C,Chloe,Female,3,3-A
100000000185,Velasco,D,Oliver,Male,3,3-A
100000000186,Mercado,E,Layla,Female,3,3-A
100000000187,"De Guzman",F,Sebastian,Male,3,3-A
100000000188,Pascual,G,Zoey,Female,3,3-A
100000000189,Hernandez,H,Owen,Male,3,3-A
100000000190,Martinez,I,Leo,Male,3,3-A
100000000191,Jimenez,J,Eleanor,Female,3,3-A
100000000192,Suarez,K,Levi,Male,3,3-A
100000000193,Padilla,L,Lillian,Female,3,3-A
100000000194,Cortez,M,Addison,Female,3,3-A
100000000195,Leonardo,N,Luke,Male,3,3-A
100000000196,Magbanua,O,Thomas,Male,3,3-A
100000000197,Tolentino,P,Mateo,Male,3,3-A
100000000198,Arellano,Q,Natalie,Female,3,3-A
100000000199,Montemayor,R,Nathan,Male,3,3-A
100000000200,"Dela Cruz",S,Juan,Male,3,3-B
100000000201,Garcia,T,Pedro,Male,3,3-B
100000000202,Reyes,U,Juana,Female,3,3-B
100000000203,Ramos,V,Miguel,Male,3,3-B
100000000204,Santos,W,Antonio,Male,3,3-B
100000000205,Bautista,X,Rosa,Female,3,3-B
100000000206,Cruz,Y,Luisa,Female,3,3-B
100000000207,Aquino,Z,Isabel,Female,3,3-B
100000000208,Fernandez,A,Eduardo,Male,3,3-B
100000000209,Lopez,B,Mariana,Female,3,3-B
100000000210,Mendoza,C,Daniel,Male,3,3-B
100000000211,Castillo,D,Gabriel,Male,3,3-B
100000000212,Villanueva,E,Samuel,Male,3,3-B
100000000213,Perez,F,Ava,Female,3,3-B
100000000214,Torres,G,Isabella,Female,3,3-B
100000000215,Flores,H,Mark,Male,3,3-B
100000000216,Rivera,I,John,Male,3,3-B
100000000217,Gonzales,J,Amelia,Female,3,3-B
100000000218,Morales,K,Harper,Female,3,3-B
100000000219,Diaz,L,Evelyn,Female,3,3-B
100000000220,Alvarez,M,Alexander,Male,3,3-B
100000000221,Rodriguez,N,Christopher,Male,3,3-B
100000000222,Romero,O,Matthew,Male,3,3-B
100000000223,Adams,P,Mila,Female,3,3-B
100000000224,Ortega,Q,Joshua,Male,3,3-B
100000000225,Salazar,R,Avery,Female,3,3-B
100000000226,Medina,S,Sofia,Female,3,3-B
100000000227,Francisco,T,Jacob,Male,3,3-B
100000000228,Legaspi,U,Aria,Female,3,3-B
100000000229,Manalo,V,Scarlett,Female,3,3-B
100000000230,Navarro,W,Victoria,Female,3,3-B
100000000231,Santiago,X,Madison,Female,3,3-B
100000000232,Valdez,Y,Ethan,Male,3,3-B
100000000233,Espino,Z,Noah,Male,3,3-B
100000000234,Castro,A,Chloe,Female,3,3-B
100000000235,Velasco,B,Penelope,Female,3,3-B
100000000236,Mercado,C,Henry,Male,3,3-B
100000000237,"De Guzman",D,Sebastian,Male,3,3-B
100000000238,Pascual,E,Jack,Male,3,3-B
100000000239,Hernandez,F,Owen,Male,3,3-B
100000000240,Martinez,G,Lily,Female,3,3-B
100000000241,Jimenez,H,Julian,Male,3,3-B
100000000242,Suarez,I,Hannah,Female,3,3-B
100000000243,Padilla,J,Lillian,Female,3,3-B
100000000244,Cortez,K,Addison,Female,3,3-B
100000000245,Leonardo,L,Luke,Male,3,3-B
100000000246,Magbanua,M,Ellie,Female,3,3-B
100000000247,Tolentino,N,Mateo,Male,3,3-B
100000000248,Arellano,O,Connor,Male,3,3-B
100000000249,Montemayor,P,Zoe,Female,3,3-B
100000000250,"Dela Cruz",Q,Juan,Male,3,3-C
100000000251,Garcia,R,Pedro,Male,3,3-C
100000000252,Reyes,S,Juana,Female,3,3-C
100000000253,Ramos,T,Miguel,Male,3,3-C
100000000254,Santos,U,Antonio,Male,3,3-C
100000000255,Bautista,V,Rosa,Female,3,3-C
100000000256,Cruz,W,Luisa,Female,3,3-C
100000000257,Aquino,X,Isabel,Female,3,3-C
100000000258,Fernandez,Y,Eduardo,Male,3,3-C
100000000259,Lopez,Z,Manuel,Male,3,3-C
100000000260,Mendoza,A,Daniel,Male,3,3-C
100000000261,Castillo,B,Emma,Female,3,3-C
100000000262,Villanueva,C,Olivia,Female,3,3-C
100000000263,Perez,D,David,Male,3,3-C
100000000264,Torres,E,Isabella,Female,3,3-C
100000000265,Flores,F,Mia,Female,3,3-C
100000000266,Rivera,G,John,Male,3,3-C
100000000267,Gonzales,H,Amelia,Female,3,3-C
100000000268,Morales,I,James,Male,3,3-C
100000000269,Diaz,J,Evelyn,Female,3,3-C
100000000270,Alvarez,K,Alexander,Male,3,3-C
100000000271,Rodriguez,L,Emily,Female,3,3-C
100000000272,Romero,M,Elizabeth,Female,3,3-C
100000000273,Adams,N,Mila,Female,3,3-C
100000000274,Ortega,O,Ella,Female,3,3-C
100000000275,Salazar,P,Avery,Female,3,3-C
100000000276,Medina,Q,Ryan,Male,3,3-C
100000000277,Francisco,R,Jacob,Male,3,3-C
100000000278,Legaspi,S,Aria,Female,3,3-C
100000000279,Manalo,T,Tyler,Male,3,3-C
100000000280,Navarro,U,Victoria,Female,3,3-C
100000000281,Santiago,V,Madison,Female,3,3-C
100000000282,Valdez,W,Ethan,Male,3,3-C
100000000283,Espino,X,Grace,Female,3,3-C
100000000284,Castro,Y,William,Male,3,3-C
100000000285,Velasco,Z,Penelope,Female,3,3-C
100000000286,Mercado,A,Henry,Male,3,3-C
100000000287,"De Guzman",B,Sebastian,Male,3,3-C
100000000288,Pascual,C,Jack,Male,3,3-C
100000000289,Hernandez,D,Owen,Male,3,3-C
100000000290,Martinez,E,Lily,Female,3,3-C
100000000291,Jimenez,F,Eleanor,Female,3,3-C
100000000292,Suarez,G,Levi,Male,3,3-C
100000000293,Padilla,H,Asher,Male,3,3-C
100000000294,Cortez,I,Addison,Female,3,3-C
100000000295,Leonardo,J,Aubrey,Female,3,3-C
100000000296,Magbanua,K,Thomas,Male,3,3-C
100000000297,Tolentino,L,Stella,Female,3,3-C
100000000298,Arellano,M,Connor,Male,3,3-C
100000000299,Montemayor,N,Nathan,Male,3,3-C
100000000300,"Dela Cruz",O,Maria,Female,4,4-A
100000000301,Garcia,P,Pedro,Male,4,4-A
100000000302,Reyes,Q,Juana,Female,4,4-A
100000000303,Ramos,R,Miguel,Male,4,4-A
100000000304,Santos,S,Antonio,Male,4,4-A
100000000305,Bautista,T,Rosa,Female,4,4-A
100000000306,Cruz,U,Luisa,Female,4,4-A
100000000307,Aquino,V,Isabel,Female,4,4-A
100000000308,Fernandez,W,Eduardo,Male,4,4-A
100000000309,Lopez,X,Manuel,Male,4,4-A
100000000310,Mendoza,Y,Sophia,Female,4,4-A
100000000311,Castillo,Z,Emma,Female,4,4-A
100000000312,Villanueva,A,Olivia,Female,4,4-A
100000000313,Perez,B,David,Male,4,4-A
100000000314,Torres,C,Isabella,Female,4,4-A
100000000315,Flores,D,Mia,Female,4,4-A
100000000316,Rivera,E,John,Male,4,4-A
100000000317,Gonzales,F,Paul,Male,4,4-A
100000000318,Morales,G,James,Male,4,4-A
100000000319,Diaz,H,Evelyn,Female,4,4-A
100000000320,Alvarez,I,Abigail,Female,4,4-A
100000000321,Rodriguez,J,Emily,Female,4,4-A
100000000322,Romero,K,Matthew,Male,4,4-A
100000000323,Adams,L,Andrew,Male,4,4-A
100000000324,Ortega,M,Ella,Female,4,4-A
100000000325,Salazar,N,Avery,Female,4,4-A
100000000326,Medina,O,Sofia,Female,4,4-A
100000000327,Francisco,P,Jacob,Male,4,4-A
100000000328,Legaspi,Q,Aria,Female,4,4-A
100000000329,Manalo,R,Scarlett,Female,4,4-A
100000000330,Navarro,S,Aaron,Male,4,4-A
100000000331,Santiago,T,Madison,Female,4,4-A
100000000332,Valdez,U,Ethan,Male,4,4-A
100000000333,Espino,V,Grace,Female,4,4-A
100000000334,Castro,W,Chloe,Female,4,4-A
100000000335,Velasco,X,Penelope,Female,4,4-A
100000000336,Mercado,Y,Henry,Male,4,4-A
100000000337,"De Guzman",Z,Riley,Female,4,4-A
100000000338,Pascual,A,Zoey,Female,4,4-A
100000000339,Hernandez,B,Owen,Male,4,4-A
100000000340,Martinez,C,Lily,Female,4,4-A
100000000341,Jimenez,D,Eleanor,Female,4,4-A
100000000342,Suarez,E,Levi,Male,4,4-A
100000000343,Padilla,F,Lillian,Female,4,4-A
100000000344,Cortez,G,Addison,Female,4,4-A
100000000345,Leonardo,H,Aubrey,Female,4,4-A
100000000346,Magbanua,I,Thomas,Male,4,4-A
100000000347,Tolentino,J,Mateo,Male,4,4-A
100000000348,Arellano,K,Natalie,Female,4,4-A
100000000349,Montemayor,L,Zoe,Female,4,4-A
100000000350,"Dela Cruz",M,Juan,Male,4,4-B
100000000351,Garcia,N,Ana,Female,4,4-B
100000000352,Reyes,O,Jose,Male,4,4-B
100000000353,Ramos,P,Miguel,Male,4,4-B
100000000354,Santos,Q,Elena,Female,4,4-B
100000000355,Bautista,R,Carlos,Male,4,4-B
100000000356,Cruz,S,Luisa,Female,4,4-B
100000000357,Aquino,T,Isabel,Female,4,4-B
100000000358,Fernandez,U,Eduardo,Male,4,4-B
100000000359,Lopez,V,Mariana,Female,4,4-B
100000000360,Mendoza,W,Daniel,Male,4,4-B
100000000361,Castillo,X,Gabriel,Male,4,4-B
100000000362,Villanueva,Y,Olivia,Female,4,4-B
100000000363,Perez,Z,David,Male,4,4-B
100000000364,Torres,A,Kevin,Male,4,4-B
100000000365,Flores,B,Mia,Female,4,4-B
100000000366,Rivera,C,John,Male,4,4-B
100000000367,Gonzales,D,Paul,Male,4,4-B
100000000368,Morales,E,James,Male,4,4-B
100000000369,Diaz,F,Michael,Male,4,4-B
100000000370,Alvarez,G,Alexander,Male,4,4-B
100000000371,Rodriguez,H,Christopher,Male,4,4-B
100000000372,Romero,I,Elizabeth,Female,4,4-B
100000000373,Adams,J,Mila,Female,4,4-B
100000000374,Ortega,K,Joshua,Male,4,4-B
100000000375,Salazar,L,Avery,Female,4,4-B
100000000376,Medina,M,Ryan,Male,4,4-B
100000000377,Francisco,N,Jacob,Male,4,4-B
100000000378,Legaspi,O,Aria,Female,4,4-B
100000000379,Manalo,P,Tyler,Male,4,4-B
100000000380,Navarro,Q,Aaron,Male,4,4-B
100000000381,Santiago,R,Lucas,Male,4,4-B
100000000382,Valdez,S,Ethan,Male,4,4-B
100000000383,Espino,T,Noah,Male,4,4-B
100000000384,Castro,U,Chloe,Female,4,4-B
100000000385,Velasco,V,Oliver,Male,4,4-B
100000000386,Mercado,W,Layla,Female,4,4-B
100000000387,"De Guzman",X,Riley,Female,4,4-B
100000000388,Pascual,Y,Jack,Male,4,4-B
100000000389,Hernandez,Z,Nora,Female,4,4-B
100000000390,Martinez,A,Lily,Female,4,4-B
100000000391,Jimenez,B,Eleanor,Female,4,4-B
100000000392,Suarez,C,Hannah,Female,4,4-B
100000000393,Padilla,D,Lillian,Female,4,4-B
100000000394,Cortez,E,Addison,Female,4,4-B
100000000395,Leonardo,F,Aubrey,Female,4,4-B
100000000396,Magbanua,G,Ellie,Female,4,4-B
100000000397,Tolentino,H,Stella,Female,4,4-B
100000000398,Arellano,I,Natalie,Female,4,4-B
100000000399,Montemayor,J,Zoe,Female,4,4-B
100000000400,"Dela Cruz",K,Juan,Male,4,4-C
100000000401,Garcia,L,Pedro,Male,4,4-C
100000000402,Reyes,M,Juana,Female,4,4-C
100000000403,Ramos,N,Miguel,Male,4,4-C
100000000404,Santos,O,Antonio,Male,4,4-C
100000000405,Bautista,P,Carlos,Male,4,4-C
100000000406,Cruz,Q,Roberto,Male,4,4-C
100000000407,Aquino,R,Isabel,Female,4,4-C
100000000408,Fernandez,S,Teresa,Female,4,4-C
100000000409,Lopez,T,Mariana,Female,4,4-C
100000000410,Mendoza,U,Sophia,Female,4,4-C
100000000411,Castillo,V,Gabriel,Male,4,4-C
100000000412,Villanueva,W,Olivia,Female,4,4-C
100000000413,Perez,X,Ava,Female,4,4-C
100000000414,Torres,Y,Kevin,Male,4,4-C
100000000415,Flores,Z,Mark,Male,4,4-C
100000000416,Rivera,A,Charlotte,Female,4,4-C
100000000417,Gonzales,B,Paul,Male,4,4-C
100000000418,Morales,C,Harper,Female,4,4-C
100000000419,Diaz,D,Michael,Male,4,4-C
100000000420,Alvarez,E,Abigail,Female,4,4-C
100000000421,Rodriguez,F,Emily,Female,4,4-C
100000000422,Romero,G,Elizabeth,Female,4,4-C
100000000423,Adams,H,Andrew,Male,4,4-C
100000000424,Ortega,I,Ella,Female,4,4-C
100000000425,Salazar,J,Avery,Female,4,4-C
100000000426,Medina,K,Ryan,Male,4,4-C
100000000427,Francisco,L,Jacob,Male,4,4-C
100000000428,Legaspi,M,Nicholas,Male,4,4-C
100000000429,Manalo,N,Scarlett,Female,4,4-C
100000000430,Navarro,O,Victoria,Female,4,4-C
100000000431,Santiago,P,Madison,Female,4,4-C
100000000432,Valdez,Q,Ethan,Male,4,4-C
100000000433,Espino,R,Noah,Male,4,4-C
100000000434,Castro,S,William,Male,4,4-C
100000000435,Velasco,T,Oliver,Male,4,4-C
100000000436,Mercado,U,Layla,Female,4,4-C
100000000437,"De Guzman",V,Riley,Female,4,4-C
100000000438,Pascual,W,Zoey,Female,4,4-C
100000000439,Hernandez,X,Owen,Male,4,4-C
100000000440,Martinez,Y,Lily,Female,4,4-C
100000000441,Jimenez,Z,Eleanor,Female,4,4-C
100000000442,Suarez,A,Levi,Male,4,4-C
100000000443,Padilla,B,Asher,Male,4,4-C
100000000444,Cortez,C,Addison,Female,4,4-C
100000000445,Leonardo,D,Aubrey,Female,4,4-C
100000000446,Magbanua,E,Thomas,Male,4,4-C
100000000447,Tolentino,F,Stella,Female,4,4-C
100000000448,Arellano,G,Natalie,Female,4,4-C
100000000449,Montemayor,H,Nathan,Male,4,4-C
100000000450,"Dela Cruz",I,Juan,Male,5,5-A
100000000451,Garcia,J,Pedro,Male,5,5-A
100000000452,Reyes,K,Juana,Female,5,5-A
100000000453,Ramos,L,Miguel,Male,5,5-A
100000000454,Santos,M,Elena,Female,5,5-A
100000000455,Bautista,N,Rosa,Female,5,5-A
100000000456,Cruz,O,Roberto,Male,5,5-A
100000000457,Aquino,P,Ricardo,Male,5,5-A
100000000458,Fernandez,Q,Eduardo,Male,5,5-A
100000000459,Lopez,R,Mariana,Female,5,5-A
100000000460,Mendoza,S,Sophia,Female,5,5-A
100000000461,Castillo,T,Emma,Female,5,5-A
100000000462,Villanueva,U,Samuel,Male,5,5-A
100000000463,Perez,V,Ava,Female,5,5-A
100000000464,Torres,W,Isabella,Female,5,5-A
100000000465,Flores,X,Mark,Male,5,5-A
100000000466,Rivera,Y,John,Male,5,5-A
100000000467,Gonzales,Z,Paul,Male,5,5-A
100000000468,Morales,A,James,Male,5,5-A
100000000469,Diaz,B,Michael,Male,5,5-A
100000000470,Alvarez,C,Alexander,Male,5,5-A
100000000471,Rodriguez,D,Christopher,Male,5,5-A
100000000472,Romero,E,Matthew,Male,5,5-A
100000000473,Adams,F,Mila,Female,5,5-A
100000000474,Ortega,G,Joshua,Male,5,5-A
100000000475,Salazar,H,Benjamin,Male,5,5-A
100000000476,Medina,I,Ryan,Male,5,5-A
100000000477,Francisco,J,Camila,Female,5,5-A
100000000478,Legaspi,K,Aria,Female,5,5-A
100000000479,Manalo,L,Scarlett,Female,5,5-A
100000000480,Navarro,M,Aaron,Male,5,5-A
100000000481,Santiago,N,Madison,Female,5,5-A
100000000482,Valdez,O,Luna,Female,5,5-A
100000000483,Espino,P,Grace,Female,5,5-A
100000000484,Castro,Q,William,Male,5,5-A
100000000485,Velasco,R,Penelope,Female,5,5-A
100000000486,Mercado,S,Henry,Male,5,5-A
100000000487,"De Guzman",T,Sebastian,Male,5,5-A
100000000488,Pascual,U,Zoey,Female,5,5-A
100000000489,Hernandez,V,Owen,Male,5,5-A
100000000490,Martinez,W,Lily,Female,5,5-A
100000000491,Jimenez,X,Eleanor,Female,5,5-A
100000000492,Suarez,Y,Hannah,Female,5,5-A
100000000493,Padilla,Z,Lillian,Female,5,5-A
100000000494,Cortez,A,Wyatt,Male,5,5-A
100000000495,Leonardo,B,Aubrey,Female,5,5-A
100000000496,Magbanua,C,Ellie,Female,5,5-A
100000000497,Tolentino,D,Stella,Female,5,5-A
100000000498,Arellano,E,Connor,Male,5,5-A
100000000499,Montemayor,F,Nathan,Male,5,5-A
100000000500,"Dela Cruz",G,Maria,Female,5,5-B
100000000501,Garcia,H,Ana,Female,5,5-B
100000000502,Reyes,I,Jose,Male,5,5-B
100000000503,Ramos,J,Miguel,Male,5,5-B
100000000504,Santos,K,Elena,Female,5,5-B
100000000505,Bautista,L,Rosa,Female,5,5-B
100000000506,Cruz,M,Luisa,Female,5,5-B
100000000507,Aquino,N,Isabel,Female,5,5-B
100000000508,Fernandez,O,Teresa,Female,5,5-B
100000000509,Lopez,P,Manuel,Male,5,5-B
100000000510,Mendoza,Q,Daniel,Male,5,5-B
100000000511,Castillo,R,Gabriel,Male,5,5-B
100000000512,Villanueva,S,Samuel,Male,5,5-B
100000000513,Perez,T,Ava,Female,5,5-B
100000000514,Torres,U,Isabella,Female,5,5-B
100000000515,Flores,V,Mark,Male,5,5-B
100000000516,Rivera,W,Charlotte,Female,5,5-B
100000000517,Gonzales,X,Paul,Male,5,5-B
100000000518,Morales,Y,James,Male,5,5-B
100000000519,Diaz,Z,Evelyn,Female,5,5-B
100000000520,Alvarez,A,Alexander,Male,5,5-B
100000000521,Rodriguez,B,Emily,Female,5,5-B
100000000522,Romero,C,Matthew,Male,5,5-B
100000000523,Adams,D,Mila,Female,5,5-B
100000000524,Ortega,E,Ella,Female,5,5-B
100000000525,Salazar,F,Avery,Female,5,5-B
100000000526,Medina,G,Sofia,Female,5,5-B
100000000527,Francisco,H,Camila,Female,5,5-B
100000000528,Legaspi,I,Aria,Female,5,5-B
100000000529,Manalo,J,Tyler,Male,5,5-B
100000000530,Navarro,K,Victoria,Female,5,5-B
100000000531,Santiago,L,Madison,Female,5,5-B
100000000532,Valdez,M,Luna,Female,5,5-B
100000000533,Espino,N,Grace,Female,5,5-B
100000000534,Castro,O,Chloe,Female,5,5-B
100000000535,Velasco,P,Penelope,Female,5,5-B
100000000536,Mercado,Q,Layla,Female,5,5-B
100000000537,"De Guzman",R,Sebastian,Male,5,5-B
100000000538,Pascual,S,Jack,Male,5,5-B
100000000539,Hernandez,T,Owen,Male,5,5-B
100000000540,Martinez,U,Leo,Male,5,5-B
100000000541,Jimenez,V,Julian,Male,5,5-B
100000000542,Suarez,W,Levi,Male,5,5-B
100000000543,Padilla,X,Asher,Male,5,5-B
100000000544,Cortez,Y,Addison,Female,5,5-B
100000000545,Leonardo,Z,Luke,Male,5,5-B
100000000546,Magbanua,A,Ellie,Female,5,5-B
100000000547,Tolentino,B,Stella,Female,5,5-B
100000000548,Arellano,C,Connor,Male,5,5-B
100000000549,Montemayor,D,Nathan,Male,5,5-B
100000000550,"Dela Cruz",E,Juan,Male,5,5-C
100000000551,Garcia,F,Ana,Female,5,5-C
100000000552,Reyes,G,Juana,Female,5,5-C
100000000553,Ramos,H,Miguel,Male,5,5-C
100000000554,Santos,I,Elena,Female,5,5-C
100000000555,Bautista,J,Rosa,Female,5,5-C
100000000556,Cruz,K,Roberto,Male,5,5-C
100000000557,Aquino,L,Ricardo,Male,5,5-C
100000000558,Fernandez,M,Teresa,Female,5,5-C
100000000559,Lopez,N,Manuel,Male,5,5-C
100000000560,Mendoza,O,Sophia,Female,5,5-C
100000000561,Castillo,P,Emma,Female,5,5-C
100000000562,Villanueva,Q,Olivia,Female,5,5-C
100000000563,Perez,R,David,Male,5,5-C
100000000564,Torres,S,Isabella,Female,5,5-C
100000000565,Flores,T,Mark,Male,5,5-C
100000000566,Rivera,U,Charlotte,Female,5,5-C
100000000567,Gonzales,V,Amelia,Female,5,5-C
100000000568,Morales,W,James,Male,5,5-C
100000000569,Diaz,X,Evelyn,Female,5,5-C
100000000570,Alvarez,Y,Abigail,Female,5,5-C
100000000571,Rodriguez,Z,Emily,Female,5,5-C
100000000572,Romero,A,Elizabeth,Female,5,5-C
100000000573,Adams,B,Mila,Female,5,5-C
100000000574,Ortega,C,Ella,Female,5,5-C
100000000575,Salazar,D,Benjamin,Male,5,5-C
100000000576,Medina,E,Sofia,Female,5,5-C
100000000577,Francisco,F,Jacob,Male,5,5-C
100000000578,Legaspi,G,Nicholas,Male,5,5-C
100000000579,Manalo,H,Scarlett,Female,5,5-C
100000000580,Navarro,I,Victoria,Female,5,5-C
100000000581,Santiago,J,Lucas,Male,5,5-C
100000000582,Valdez,K,Luna,Female,5,5-C
100000000583,Espino,L,Grace,Female,5,5-C
100000000584,Castro,M,William,Male,5,5-C
100000000585,Velasco,N,Oliver,Male,5,5-C
100000000586,Mercado,O,Layla,Female,5,5-C
100000000587,"De Guzman",P,Riley,Female,5,5-C
100000000588,Pascual,Q,Zoey,Female,5,5-C
100000000589,Hernandez,R,Nora,Female,5,5-C
100000000590,Martinez,S,Lily,Female,5,5-C
100000000591,Jimenez,T,Eleanor,Female,5,5-C
100000000592,Suarez,U,Levi,Male,5,5-C
100000000593,Padilla,V,Lillian,Female,5,5-C
100000000594,Cortez,W,Addison,Female,5,5-C
100000000595,Leonardo,X,Luke,Male,5,5-C
100000000596,Magbanua,Y,Ellie,Female,5,5-C
100000000597,Tolentino,Z,Stella,Female,5,5-C
100000000598,Arellano,A,Connor,Male,5,5-C
100000000599,Montemayor,B,Nathan,Male,5,5-C
100000000600,"Dela Cruz",C,Juan,Male,6,6-A
100000000601,Garcia,D,Pedro,Male,6,6-A
100000000602,Reyes,E,Jose,Male,6,6-A
100000000603,Ramos,F,Carmen,Female,6,6-A
100000000604,Santos,G,Elena,Female,6,6-A
100000000605,Bautista,H,Rosa,Female,6,6-A
100000000606,Cruz,I,Roberto,Male,6,6-A
100000000607,Aquino,J,Isabel,Female,6,6-A
100000000608,Fernandez,K,Eduardo,Male,6,6-A
100000000609,Lopez,L,Mariana,Female,6,6-A
100000000610,Mendoza,M,Daniel,Male,6,6-A
100000000611,Castillo,N,Gabriel,Male,6,6-A
100000000612,Villanueva,O,Samuel,Male,6,6-A
100000000613,Perez,P,David,Male,6,6-A
100000000614,Torres,Q,Isabella,Female,6,6-A
100000000615,Flores,R,Mia,Female,6,6-A
100000000616,Rivera,S,Charlotte,Female,6,6-A
100000000617,Gonzales,T,Amelia,Female,6,6-A
100000000618,Morales,U,James,Male,6,6-A
100000000619,Diaz,V,Evelyn,Female,6,6-A
100000000620,Alvarez,W,Alexander,Male,6,6-A
100000000621,Rodriguez,X,Emily,Female,6,6-A
100000000622,Romero,Y,Elizabeth,Female,6,6-A
100000000623,Adams,Z,Andrew,Male,6,6-A
100000000624,Ortega,A,Ella,Female,6,6-A
100000000625,Salazar,B,Benjamin,Male,6,6-A
100000000626,Medina,C,Ryan,Male,6,6-A
100000000627,Francisco,D,Jacob,Male,6,6-A
100000000628,Legaspi,E,Nicholas,Male,6,6-A
100000000629,Manalo,F,Tyler,Male,6,6-A
100000000630,Navarro,G,Victoria,Female,6,6-A
100000000631,Santiago,H,Lucas,Male,6,6-A
100000000632,Valdez,I,Luna,Female,6,6-A
100000000633,Espino,J,Noah,Male,6,6-A
100000000634,Castro,K,William,Male,6,6-A
100000000635,Velasco,L,Oliver,Male,6,6-A
100000000636,Mercado,M,Layla,Female,6,6-A
100000000637,"De Guzman",N,Sebastian,Male,6,6-A
100000000638,Pascual,O,Zoey,Female,6,6-A
100000000639,Hernandez,P,Nora,Female,6,6-A
100000000640,Martinez,Q,Lily,Female,6,6-A
100000000641,Jimenez,R,Julian,Male,6,6-A
100000000642,Suarez,S,Hannah,Female,6,6-A
100000000643,Padilla,T,Asher,Male,6,6-A
100000000644,Cortez,U,Wyatt,Male,6,6-A
100000000645,Leonardo,V,Aubrey,Female,6,6-A
100000000646,Magbanua,W,Thomas,Male,6,6-A
100000000647,Tolentino,X,Stella,Female,6,6-A
100000000648,Arellano,Y,Natalie,Female,6,6-A
100000000649,Montemayor,Z,Nathan,Male,6,6-A
100000000650,"Dela Cruz",A,Juan,Male,6,6-B
100000000651,Garcia,B,Ana,Female,6,6-B
100000000652,Reyes,C,Jose,Male,6,6-B
100000000653,Ramos,D,Miguel,Male,6,6-B
100000000654,Santos,E,Antonio,Male,6,6-B
100000000655,Bautista,F,Carlos,Male,6,6-B
100000000656,Cruz,G,Luisa,Female,6,6-B
100000000657,Aquino,H,Isabel,Female,6,6-B
100000000658,Fernandez,I,Teresa,Female,6,6-B
100000000659,Lopez,J,Manuel,Male,6,6-B
100000000660,Mendoza,K,Sophia,Female,6,6-B
100000000661,Castillo,L,Emma,Female,6,6-B
100000000662,Villanueva,M,Samuel,Male,6,6-B
100000000663,Perez,N,Ava,Female,6,6-B
100000000664,Torres,O,Kevin,Male,6,6-B
100000000665,Flores,P,Mark,Male,6,6-B
100000000666,Rivera,Q,John,Male,6,6-B
100000000667,Gonzales,R,Amelia,Female,6,6-B
100000000668,Morales,S,James,Male,6,6-B
100000000669,Diaz,T,Michael,Male,6,6-B
100000000670,Alvarez,U,Alexander,Male,6,6-B
100000000671,Rodriguez,V,Christopher,Male,6,6-B
100000000672,Romero,W,Matthew,Male,6,6-B
100000000673,Adams,X,Mila,Female,6,6-B
100000000674,Ortega,Y,Joshua,Male,6,6-B
100000000675,Salazar,Z,Benjamin,Male,6,6-B
100000000676,Medina,A,Ryan,Male,6,6-B
100000000677,Francisco,B,Jacob,Male,6,6-B
100000000678,Legaspi,C,Aria,Female,6,6-B
100000000679,Manalo,D,Tyler,Male,6,6-B
100000000680,Navarro,E,Victoria,Female,6,6-B
100000000681,Santiago,F,Lucas,Male,6,6-B
100000000682,Valdez,G,Ethan,Male,6,6-B
100000000683,Espino,H,Noah,Male,6,6-B
100000000684,Castro,I,Chloe,Female,6,6-B
100000000685,Velasco,J,Penelope,Female,6,6-B
100000000686,Mercado,K,Layla,Female,6,6-B
100000000687,"De Guzman",L,Riley,Female,6,6-B
100000000688,Pascual,M,Zoey,Female,6,6-B
100000000689,Hernandez,N,Owen,Male,6,6-B
100000000690,Martinez,O,Leo,Male,6,6-B
100000000691,Jimenez,P,Julian,Male,6,6-B
100000000692,Suarez,Q,Levi,Male,6,6-B
100000000693,Padilla,R,Asher,Male,6,6-B
100000000694,Cortez,S,Wyatt,Male,6,6-B
100000000695,Leonardo,T,Luke,Male,6,6-B
100000000696,Magbanua,U,Thomas,Male,6,6-B
100000000697,Tolentino,V,Mateo,Male,6,6-B
100000000698,Arellano,W,Natalie,Female,6,6-B
100000000699,Montemayor,X,Nathan,Male,6,6-B
100000000700,"Dela Cruz",Y,Maria,Female,6,6-C
100000000701,Garcia,Z,Pedro,Male,6,6-C
100000000702,Reyes,A,Juana,Female,6,6-C
100000000703,Ramos,B,Carmen,Female,6,6-C
100000000704,Santos,C,Elena,Female,6,6-C
100000000705,Bautista,D,Carlos,Male,6,6-C
100000000706,Cruz,E,Roberto,Male,6,6-C
100000000707,Aquino,F,Isabel,Female,6,6-C
100000000708,Fernandez,G,Teresa,Female,6,6-C
100000000709,Lopez,H,Manuel,Male,6,6-C
100000000710,Mendoza,I,Sophia,Female,6,6-C
100000000711,Castillo,J,Emma,Female,6,6-C
100000000712,Villanueva,K,Olivia,Female,6,6-C
100000000713,Perez,L,Ava,Female,6,6-C
100000000714,Torres,M,Kevin,Male,6,6-C
100000000715,Flores,N,Mark,Male,6,6-C
100000000716,Rivera,O,John,Male,6,6-C
100000000717,Gonzales,P,Paul,Male,6,6-C
100000000718,Morales,Q,James,Male,6,6-C
100000000719,Diaz,R,Evelyn,Female,6,6-C
100000000720,Alvarez,S,Alexander,Male,6,6-C
100000000721,Rodriguez,T,Christopher,Male,6,6-C
100000000722,Romero,U,Matthew,Male,6,6-C
100000000723,Adams,V,Mila,Female,6,6-C
100000000724,Ortega,W,Joshua,Male,6,6-C
100000000725,Salazar,X,Avery,Female,6,6-C
100000000726,Medina,Y,Sofia,Female,6,6-C
100000000727,Francisco,Z,Camila,Female,6,6-C
100000000728,Legaspi,A,Aria,Female,6,6-C
100000000729,Manalo,B,Tyler,Male,6,6-C
100000000730,Navarro,C,Victoria,Female,6,6-C
100000000731,Santiago,D,Madison,Female,6,6-C
100000000732,Valdez,E,Ethan,Male,6,6-C
100000000733,Espino,F,Grace,Female,6,6-C
100000000734,Castro,G,William,Male,6,6-C
100000000735,Velasco,H,Oliver,Male,6,6-C
100000000736,Mercado,I,Layla,Female,6,6-C
100000000737,"De Guzman",J,Sebastian,Male,6,6-C
100000000738,Pascual,K,Jack,Male,6,6-C
100000000739,Hernandez,L,Nora,Female,6,6-C
100000000740,Martinez,M,Lily,Female,6,6-C
100000000741,Jimenez,N,Julian,Male,6,6-C
100000000742,Suarez,O,Hannah,Female,6,6-C
100000000743,Padilla,P,Asher,Male,6,6-C
100000000744,Cortez,Q,Addison,Female,6,6-C
100000000745,Leonardo,R,Aubrey,Female,6,6-C
100000000746,Magbanua,S,Ellie,Female,6,6-C
100000000747,Tolentino,T,Mateo,Male,6,6-C
100000000748,Arellano,U,Connor,Male,6,6-C
100000000749,Montemayor,V,Nathan,Male,6,6-C
100000000750,"Dela Cruz",W,Juan,Male,7,7-A
100000000751,Garcia,X,Ana,Female,7,7-A
100000000752,Reyes,Y,Juana,Female,7,7-A
100000000753,Ramos,Z,Miguel,Male,7,7-A
100000000754,Santos,A,Antonio,Male,7,7-A
100000000755,Bautista,B,Carlos,Male,7,7-A
100000000756,Cruz,C,Roberto,Male,7,7-A
100000000757,Aquino,D,Isabel,Female,7,7-A
100000000758,Fernandez,E,Eduardo,Male,7,7-A
100000000759,Lopez,F,Mariana,Female,7,7-A
100000000760,Mendoza,G,Daniel,Male,7,7-A
100000000761,Castillo,H,Emma,Female,7,7-A
100000000762,Villanueva,I,Samuel,Male,7,7-A
100000000763,Perez,J,Ava,Female,7,7-A
100000000764,Torres,K,Isabella,Female,7,7-A
100000000765,Flores,L,Mia,Female,7,7-A
100000000766,Rivera,M,Charlotte,Female,7,7-A
100000000767,Gonzales,N,Amelia,Female,7,7-A
100000000768,Morales,O,James,Male,7,7-A
100000000769,Diaz,P,Michael,Male,7,7-A
100000000770,Alvarez,Q,Alexander,Male,7,7-A
100000000771,Rodriguez,R,Emily,Female,7,7-A
100000000772,Romero,S,Elizabeth,Female,7,7-A
100000000773,Adams,T,Mila,Female,7,7-A
100000000774,Ortega,U,Ella,Female,7,7-A
100000000775,Salazar,V,Avery,Female,7,7-A
100000000776,Medina,W,Sofia,Female,7,7-A
100000000777,Francisco,X,Camila,Female,7,7-A
100000000778,Legaspi,Y,Nicholas,Male,7,7-A
100000000779,Manalo,Z,Tyler,Male,7,7-A
100000000780,Navarro,A,Aaron,Male,7,7-A
100000000781,Santiago,B,Madison,Female,7,7-A
100000000782,Valdez,C,Ethan,Male,7,7-A
100000000783,Espino,D,Grace,Female,7,7-A
100000000784,Castro,E,Chloe,Female,7,7-A
100000000785,Velasco,F,Penelope,Female,7,7-A
100000000786,Mercado,G,Layla,Female,7,7-A
100000000787,"De Guzman",H,Sebastian,Male,7,7-A
100000000788,Pascual,I,Zoey,Female,7,7-A
100000000789,Hernandez,J,Owen,Male,7,7-A
100000000790,Martinez,K,Leo,Male,7,7-A
100000000791,Jimenez,L,Julian,Male,7,7-A
100000000792,Suarez,M,Hannah,Female,7,7-A
100000000793,Padilla,N,Asher,Male,7,7-A
100000000794,Cortez,O,Wyatt,Male,7,7-A
100000000795,Leonardo,P,Aubrey,Female,7,7-A
100000000796,Magbanua,Q,Ellie,Female,7,7-A
100000000797,Tolentino,R,Stella,Female,7,7-A
100000000798,Arellano,S,Natalie,Female,7,7-A
100000000799,Montemayor,T,Nathan,Male,7,7-A
100000000800,"Dela Cruz",U,Juan,Male,7,7-B
100000000801,Garcia,V,Ana,Female,7,7-B
100000000802,Reyes,W,Juana,Female,7,7-B
100000000803,Ramos,X,Miguel,Male,7,7-B
100000000804,Santos,Y,Antonio,Male,7,7-B
100000000805,Bautista,Z,Rosa,Female,7,7-B
100000000806,Cruz,A,Roberto,Male,7,7-B
100000000807,Aquino,B,Ricardo,Male,7,7-B
100000000808,Fernandez,C,Teresa,Female,7,7-B
100000000809,Lopez,D,Mariana,Female,7,7-B
100000000810,Mendoza,E,Daniel,Male,7,7-B
100000000811,Castillo,F,Emma,Female,7,7-B
100000000812,Villanueva,G,Samuel,Male,7,7-B
100000000813,Perez,H,David,Male,7,7-B
100000000814,Torres,I,Kevin,Male,7,7-B
100000000815,Flores,J,Mark,Male,7,7-B
100000000816,Rivera,K,John,Male,7,7-B
100000000817,Gonzales,L,Paul,Male,7,7-B
100000000818,Morales,M,Harper,Female,7,7-B
100000000819,Diaz,N,Michael,Male,7,7-B
100000000820,Alvarez,O,Alexander,Male,7,7-B
100000000821,Rodriguez,P,Emily,Female,7,7-B
100000000822,Romero,Q,Elizabeth,Female,7,7-B
100000000823,Adams,R,Andrew,Male,7,7-B
100000000824,Ortega,S,Ella,Female,7,7-B
100000000825,Salazar,T,Avery,Female,7,7-B
100000000826,Medina,U,Sofia,Female,7,7-B
100000000827,Francisco,V,Jacob,Male,7,7-B
100000000828,Legaspi,W,Nicholas,Male,7,7-B
100000000829,Manalo,X,Tyler,Male,7,7-B
100000000830,Navarro,Y,Aaron,Male,7,7-B
100000000831,Santiago,Z,Madison,Female,7,7-B
100000000832,Valdez,A,Luna,Female,7,7-B
100000000833,Espino,B,Grace,Female,7,7-B
100000000834,Castro,C,Chloe,Female,7,7-B
100000000835,Velasco,D,Penelope,Female,7,7-B
100000000836,Mercado,E,Layla,Female,7,7-B
100000000837,"De Guzman",F,Riley,Female,7,7-B
100000000838,Pascual,G,Zoey,Female,7,7-B
100000000839,Hernandez,H,Owen,Male,7,7-B
100000000840,Martinez,I,Lily,Female,7,7-B
100000000841,Jimenez,J,Eleanor,Female,7,7-B
100000000842,Suarez,K,Hannah,Female,7,7-B
100000000843,Padilla,L,Asher,Male,7,7-B
100000000844,Cortez,M,Addison,Female,7,7-B
100000000845,Leonardo,N,Luke,Male,7,7-B
100000000846,Magbanua,O,Ellie,Female,7,7-B
100000000847,Tolentino,P,Stella,Female,7,7-B
100000000848,Arellano,Q,Natalie,Female,7,7-B
100000000849,Montemayor,R,Nathan,Male,7,7-B
100000000850,"Dela Cruz",S,Juan,Male,7,7-C
100000000851,Garcia,T,Pedro,Male,7,7-C
100000000852,Reyes,U,Juana,Female,7,7-C
100000000853,Ramos,V,Carmen,Female,7,7-C
100000000854,Santos,W,Antonio,Male,7,7-C
100000000855,Bautista,X,Rosa,Female,7,7-C
100000000856,Cruz,Y,Roberto,Male,7,7-C
100000000857,Aquino,Z,Isabel,Female,7,7-C
100000000858,Fernandez,A,Eduardo,Male,7,7-C
100000000859,Lopez,B,Manuel,Male,7,7-C
100000000860,Mendoza,C,Daniel,Male,7,7-C
100000000861,Castillo,D,Gabriel,Male,7,7-C
100000000862,Villanueva,E,Samuel,Male,7,7-C
100000000863,Perez,F,David,Male,7,7-C
100000000864,Torres,G,Kevin,Male,7,7-C
100000000865,Flores,H,Mia,Female,7,7-C
100000000866,Rivera,I,John,Male,7,7-C
100000000867,Gonzales,J,Amelia,Female,7,7-C
100000000868,Morales,K,James,Male,7,7-C
100000000869,Diaz,L,Michael,Male,7,7-C
100000000870,Alvarez,M,Alexander,Male,7,7-C
100000000871,Rodriguez,N,Emily,Female,7,7-C
100000000872,Romero,O,Matthew,Male,7,7-C
100000000873,Adams,P,Andrew,Male,7,7-C
100000000874,Ortega,Q,Joshua,Male,7,7-C
100000000875,Salazar,R,Benjamin,Male,7,7-C
100000000876,Medina,S,Ryan,Male,7,7-C
100000000877,Francisco,T,Jacob,Male,7,7-C
100000000878,Legaspi,U,Aria,Female,7,7-C
100000000879,Manalo,V,Tyler,Male,7,7-C
100000000880,Navarro,W,Victoria,Female,7,7-C
100000000881,Santiago,X,Lucas,Male,7,7-C
100000000882,Valdez,Y,Ethan,Male,7,7-C
100000000883,Espino,Z,Grace,Female,7,7-C
100000000884,Castro,A,William,Male,7,7-C
100000000885,Velasco,B,Oliver,Male,7,7-C
100000000886,Mercado,C,Layla,Female,7,7-C
100000000887,"De Guzman",D,Sebastian,Male,7,7-C
100000000888,Pascual,E,Jack,Male,7,7-C
100000000889,Hernandez,F,Nora,Female,7,7-C
100000000890,Martinez,G,Leo,Male,7,7-C
100000000891,Jimenez,H,Julian,Male,7,7-C
100000000892,Suarez,I,Levi,Male,7,7-C
100000000893,Padilla,J,Lillian,Female,7,7-C
100000000894,Cortez,K,Addison,Female,7,7-C
100000000895,Leonardo,L,Aubrey,Female,7,7-C
100000000896,Magbanua,M,Thomas,Male,7,7-C
100000000897,Tolentino,N,Mateo,Male,7,7-C
100000000898,Arellano,O,Natalie,Female,7,7-C
100000000899,Montemayor,P,Nathan,Male,7,7-C
100000000900,"Dela Cruz",Q,Maria,Female,8,8-A
100000000901,Garcia,R,Ana,Female,8,8-A
100000000902,Reyes,S,Juana,Female,8,8-A
100000000903,Ramos,T,Carmen,Female,8,8-A
100000000904,Santos,U,Elena,Female,8,8-A
100000000905,Bautista,V,Rosa,Female,8,8-A
100000000906,Cruz,W,Luisa,Female,8,8-A
100000000907,Aquino,X,Isabel,Female,8,8-A
100000000908,Fernandez,Y,Teresa,Female,8,8-A
100000000909,Lopez,Z,Mariana,Female,8,8-A
100000000910,Mendoza,A,Daniel,Male,8,8-A
100000000911,Castillo,B,Emma,Female,8,8-A
100000000912,Villanueva,C,Olivia,Female,8,8-A
100000000913,Perez,D,Ava,Female,8,8-A
100000000914,Torres,E,Isabella,Female,8,8-A
100000000915,Flores,F,Mia,Female,8,8-A
100000000916,Rivera,G,John,Male,8,8-A
100000000917,Gonzales,H,Amelia,Female,8,8-A
100000000918,Morales,I,James,Male,8,8-A
100000000919,Diaz,J,Evelyn,Female,8,8-A
100000000920,Alvarez,K,Alexander,Male,8,8-A
100000000921,Rodriguez,L,Christopher,Male,8,8-A
100000000922,Romero,M,Elizabeth,Female,8,8-A
100000000923,Adams,N,Mila,Female,8,8-A
100000000924,Ortega,O,Ella,Female,8,8-A
100000000925,Salazar,P,Avery,Female,8,8-A
100000000926,Medina,Q,Ryan,Male,8,8-A
100000000927,Francisco,R,Camila,Female,8,8-A
100000000928,Legaspi,S,Aria,Female,8,8-A
100000000929,Manalo,T,Scarlett,Female,8,8-A
100000000930,Navarro,U,Aaron,Male,8,8-A
100000000931,Santiago,V,Lucas,Male,8,8-A
100000000932,Valdez,W,Ethan,Male,8,8-A
100000000933,Espino,X,Noah,Male,8,8-A
100000000934,Castro,Y,Chloe,Female,8,8-A
100000000935,Velasco,Z,Oliver,Male,8,8-A
100000000936,Mercado,A,Layla,Female,8,8-A
100000000937,"De Guzman",B,Riley,Female,8,8-A
100000000938,Pascual,C,Jack,Male,8,8-A
100000000939,Hernandez,D,Owen,Male,8,8-A
100000000940,Martinez,E,Leo,Male,8,8-A
100000000941,Jimenez,F,Eleanor,Female,8,8-A
100000000942,Suarez,G,Levi,Male,8,8-A
100000000943,Padilla,H,Lillian,Female,8,8-A
100000000944,Cortez,I,Wyatt,Male,8,8-A
100000000945,Leonardo,J,Luke,Male,8,8-A
100000000946,Magbanua,K,Ellie,Female,8,8-A
100000000947,Tolentino,L,Stella,Female,8,8-A
100000000948,Arellano,M,Connor,Male,8,8-A
100000000949,Montemayor,N,Nathan,Male,8,8-A
100000000950,"Dela Cruz",O,Maria,Female,8,8-B
100000000951,Garcia,P,Pedro,Male,8,8-B
100000000952,Reyes,Q,Juana,Female,8,8-B
100000000953,Ramos,R,Carmen,Female,8,8-B
100000000954,Santos,S,Antonio,Male,8,8-B
100000000955,Bautista,T,Carlos,Male,8,8-B
100000000956,Cruz,U,Roberto,Male,8,8-B
100000000957,Aquino,V,Isabel,Female,8,8-B
100000000958,Fernandez,W,Teresa,Female,8,8-B
100000000959,Lopez,X,Manuel,Male,8,8-B
100000000960,Mendoza,Y,Daniel,Male,8,8-B
100000000961,Castillo,Z,Gabriel,Male,8,8-B
100000000962,Villanueva,A,Samuel,Male,8,8-B
100000000963,Perez,B,Ava,Female,8,8-B
100000000964,Torres,C,Isabella,Female,8,8-B
100000000965,Flores,D,Mark,Male,8,8-B
100000000966,Rivera,E,Charlotte,Female,8,8-B
100000000967,Gonzales,F,Amelia,Female,8,8-B
100000000968,Morales,G,James,Male,8,8-B
100000000969,Diaz,H,Michael,Male,8,8-B
100000000970,Alvarez,I,Abigail,Female,8,8-B
100000000971,Rodriguez,J,Christopher,Male,8,8-B
100000000972,Romero,K,Elizabeth,Female,8,8-B
100000000973,Adams,L,Andrew,Male,8,8-B
100000000974,Ortega,M,Joshua,Male,8,8-B
100000000975,Salazar,N,Benjamin,Male,8,8-B
100000000976,Medina,O,Sofia,Female,8,8-B
100000000977,Francisco,P,Camila,Female,8,8-B
100000000978,Legaspi,Q,Aria,Female,8,8-B
100000000979,Manalo,R,Tyler,Male,8,8-B
100000000980,Navarro,S,Victoria,Female,8,8-B
100000000981,Santiago,T,Lucas,Male,8,8-B
100000000982,Valdez,U,Luna,Female,8,8-B
100000000983,Espino,V,Grace,Female,8,8-B
100000000984,Castro,W,William,Male,8,8-B
100000000985,Velasco,X,Oliver,Male,8,8-B
100000000986,Mercado,Y,Layla,Female,8,8-B
100000000987,"De Guzman",Z,Sebastian,Male,8,8-B
100000000988,Pascual,A,Zoey,Female,8,8-B
100000000989,Hernandez,B,Nora,Female,8,8-B
100000000990,Martinez,C,Leo,Male,8,8-B
100000000991,Jimenez,D,Julian,Male,8,8-B
100000000992,Suarez,E,Hannah,Female,8,8-B
100000000993,Padilla,F,Asher,Male,8,8-B
100000000994,Cortez,G,Wyatt,Male,8,8-B
100000000995,Leonardo,H,Aubrey,Female,8,8-B
100000000996,Magbanua,I,Ellie,Female,8,8-B
100000000997,Tolentino,J,Mateo,Male,8,8-B
100000000998,Arellano,K,Natalie,Female,8,8-B
100000000999,Montemayor,L,Zoe,Female,8,8-B
100000001000,"Dela Cruz",M,Maria,Female,8,8-C
100000001001,Garcia,N,Pedro,Male,8,8-C
100000001002,Reyes,O,Jose,Male,8,8-C
100000001003,Ramos,P,Carmen,Female,8,8-C
100000001004,Santos,Q,Antonio,Male,8,8-C
100000001005,Bautista,R,Rosa,Female,8,8-C
100000001006,Cruz,S,Roberto,Male,8,8-C
100000001007,Aquino,T,Isabel,Female,8,8-C
100000001008,Fernandez,U,Eduardo,Male,8,8-C
100000001009,Lopez,V,Mariana,Female,8,8-C
100000001010,Mendoza,W,Sophia,Female,8,8-C
100000001011,Castillo,X,Gabriel,Male,8,8-C
100000001012,Villanueva,Y,Olivia,Female,8,8-C
100000001013,Perez,Z,David,Male,8,8-C
100000001014,Torres,A,Isabella,Female,8,8-C
100000001015,Flores,B,Mia,Female,8,8-C
100000001016,Rivera,C,Charlotte,Female,8,8-C
100000001017,Gonzales,D,Amelia,Female,8,8-C
100000001018,Morales,E,Harper,Female,8,8-C
100000001019,Diaz,F,Evelyn,Female,8,8-C
100000001020,Alvarez,G,Abigail,Female,8,8-C
100000001021,Rodriguez,H,Christopher,Male,8,8-C
100000001022,Romero,I,Elizabeth,Female,8,8-C
100000001023,Adams,J,Andrew,Male,8,8-C
100000001024,Ortega,K,Joshua,Male,8,8-C
100000001025,Salazar,L,Avery,Female,8,8-C
100000001026,Medina,M,Ryan,Male,8,8-C
100000001027,Francisco,N,Jacob,Male,8,8-C
100000001028,Legaspi,O,Nicholas,Male,8,8-C
100000001029,Manalo,P,Scarlett,Female,8,8-C
100000001030,Navarro,Q,Victoria,Female,8,8-C
100000001031,Santiago,R,Lucas,Male,8,8-C
100000001032,Valdez,S,Ethan,Male,8,8-C
100000001033,Espino,T,Noah,Male,8,8-C
100000001034,Castro,U,Chloe,Female,8,8-C
100000001035,Velasco,V,Oliver,Male,8,8-C
100000001036,Mercado,W,Henry,Male,8,8-C
100000001037,"De Guzman",X,Riley,Female,8,8-C
100000001038,Pascual,Y,Jack,Male,8,8-C
100000001039,Hernandez,Z,Nora,Female,8,8-C
100000001040,Martinez,A,Leo,Male,8,8-C
100000001041,Jimenez,B,Eleanor,Female,8,8-C
100000001042,Suarez,C,Hannah,Female,8,8-C
100000001043,Padilla,D,Lillian,Female,8,8-C
100000001044,Cortez,E,Addison,Female,8,8-C
100000001045,Leonardo,F,Luke,Male,8,8-C
100000001046,Magbanua,G,Ellie,Female,8,8-C
100000001047,Tolentino,H,Stella,Female,8,8-C
100000001048,Arellano,I,Connor,Male,8,8-C
100000001049,Montemayor,J,Zoe,Female,8,8-C
100000001050,"Dela Cruz",K,Maria,Female,9,9-A
100000001051,Garcia,L,Pedro,Male,9,9-A
100000001052,Reyes,M,Jose,Male,9,9-A
100000001053,Ramos,N,Carmen,Female,9,9-A
100000001054,Santos,O,Antonio,Male,9,9-A
100000001055,Bautista,P,Rosa,Female,9,9-A
100000001056,Cruz,Q,Roberto,Male,9,9-A
100000001057,Aquino,R,Isabel,Female,9,9-A
100000001058,Fernandez,S,Eduardo,Male,9,9-A
100000001059,Lopez,T,Manuel,Male,9,9-A
100000001060,Mendoza,U,Sophia,Female,9,9-A
100000001061,Castillo,V,Emma,Female,9,9-A
100000001062,Villanueva,W,Samuel,Male,9,9-A
100000001063,Perez,X,Ava,Female,9,9-A
100000001064,Torres,Y,Isabella,Female,9,9-A
100000001065,Flores,Z,Mark,Male,9,9-A
100000001066,Rivera,A,John,Male,9,9-A
100000001067,Gonzales,B,Amelia,Female,9,9-A
100000001068,Morales,C,James,Male,9,9-A
100000001069,Diaz,D,Michael,Male,9,9-A
100000001070,Alvarez,E,Abigail,Female,9,9-A
100000001071,Rodriguez,F,Christopher,Male,9,9-A
100000001072,Romero,G,Elizabeth,Female,9,9-A
100000001073,Adams,H,Andrew,Male,9,9-A
100000001074,Ortega,I,Joshua,Male,9,9-A
100000001075,Salazar,J,Avery,Female,9,9-A
100000001076,Medina,K,Sofia,Female,9,9-A
100000001077,Francisco,L,Camila,Female,9,9-A
100000001078,Legaspi,M,Aria,Female,9,9-A
100000001079,Manalo,N,Tyler,Male,9,9-A
100000001080,Navarro,O,Victoria,Female,9,9-A
100000001081,Santiago,P,Lucas,Male,9,9-A
100000001082,Valdez,Q,Luna,Female,9,9-A
100000001083,Espino,R,Grace,Female,9,9-A
100000001084,Castro,S,William,Male,9,9-A
100000001085,Velasco,T,Penelope,Female,9,9-A
100000001086,Mercado,U,Henry,Male,9,9-A
100000001087,"De Guzman",V,Riley,Female,9,9-A
100000001088,Pascual,W,Jack,Male,9,9-A
100000001089,Hernandez,X,Nora,Female,9,9-A
100000001090,Martinez,Y,Leo,Male,9,9-A
100000001091,Jimenez,Z,Eleanor,Female,9,9-A
100000001092,Suarez,A,Levi,Male,9,9-A
100000001093,Padilla,B,Asher,Male,9,9-A
100000001094,Cortez,C,Wyatt,Male,9,9-A
100000001095,Leonardo,D,Aubrey,Female,9,9-A
100000001096,Magbanua,E,Ellie,Female,9,9-A
100000001097,Tolentino,F,Mateo,Male,9,9-A
100000001098,Arellano,G,Connor,Male,9,9-A
100000001099,Montemayor,H,Zoe,Female,9,9-A
100000001100,"Dela Cruz",I,Juan,Male,9,9-B
100000001101,Garcia,J,Pedro,Male,9,9-B
100000001102,Reyes,K,Juana,Female,9,9-B
100000001103,Ramos,L,Miguel,Male,9,9-B
100000001104,Santos,M,Antonio,Male,9,9-B
100000001105,Bautista,N,Rosa,Female,9,9-B
100000001106,Cruz,O,Roberto,Male,9,9-B
100000001107,Aquino,P,Ricardo,Male,9,9-B
100000001108,Fernandez,Q,Eduardo,Male,9,9-B
100000001109,Lopez,R,Manuel,Male,9,9-B
100000001110,Mendoza,S,Sophia,Female,9,9-B
100000001111,Castillo,T,Gabriel,Male,9,9-B
100000001112,Villanueva,U,Samuel,Male,9,9-B
100000001113,Perez,V,David,Male,9,9-B
100000001114,Torres,W,Kevin,Male,9,9-B
100000001115,Flores,X,Mark,Male,9,9-B
100000001116,Rivera,Y,John,Male,9,9-B
100000001117,Gonzales,Z,Paul,Male,9,9-B
100000001118,Morales,A,Harper,Female,9,9-B
100000001119,Diaz,B,Michael,Male,9,9-B
100000001120,Alvarez,C,Abigail,Female,9,9-B
100000001121,Rodriguez,D,Christopher,Male,9,9-B
100000001122,Romero,E,Matthew,Male,9,9-B
100000001123,Adams,F,Andrew,Male,9,9-B
100000001124,Ortega,G,Joshua,Male,9,9-B
100000001125,Salazar,H,Avery,Female,9,9-B
100000001126,Medina,I,Ryan,Male,9,9-B
100000001127,Francisco,J,Jacob,Male,9,9-B
100000001128,Legaspi,K,Aria,Female,9,9-B
100000001129,Manalo,L,Tyler,Male,9,9-B
100000001130,Navarro,M,Aaron,Male,9,9-B
100000001131,Santiago,N,Madison,Female,9,9-B
100000001132,Valdez,O,Luna,Female,9,9-B
100000001133,Espino,P,Noah,Male,9,9-B
100000001134,Castro,Q,Chloe,Female,9,9-B
100000001135,Velasco,R,Penelope,Female,9,9-B
100000001136,Mercado,S,Layla,Female,9,9-B
100000001137,"De Guzman",T,Sebastian,Male,9,9-B
100000001138,Pascual,U,Jack,Male,9,9-B
100000001139,Hernandez,V,Nora,Female,9,9-B
100000001140,Martinez,W,Lily,Female,9,9-B
100000001141,Jimenez,X,Eleanor,Female,9,9-B
100000001142,Suarez,Y,Levi,Male,9,9-B
100000001143,Padilla,Z,Asher,Male,9,9-B
100000001144,Cortez,A,Wyatt,Male,9,9-B
100000001145,Leonardo,B,Luke,Male,9,9-B
100000001146,Magbanua,C,Thomas,Male,9,9-B
100000001147,Tolentino,D,Mateo,Male,9,9-B
100000001148,Arellano,E,Natalie,Female,9,9-B
100000001149,Montemayor,F,Zoe,Female,9,9-B
100000001150,"Dela Cruz",G,Juan,Male,9,9-C
100000001151,Garcia,H,Pedro,Male,9,9-C
100000001152,Reyes,I,Juana,Female,9,9-C
100000001153,Ramos,J,Carmen,Female,9,9-C
100000001154,Santos,K,Elena,Female,9,9-C
100000001155,Bautista,L,Rosa,Female,9,9-C
100000001156,Cruz,M,Roberto,Male,9,9-C
100000001157,Aquino,N,Isabel,Female,9,9-C
100000001158,Fernandez,O,Teresa,Female,9,9-C
100000001159,Lopez,P,Mariana,Female,9,9-C
100000001160,Mendoza,Q,Daniel,Male,9,9-C
100000001161,Castillo,R,Emma,Female,9,9-C
100000001162,Villanueva,S,Samuel,Male,9,9-C
100000001163,Perez,T,Ava,Female,9,9-C
100000001164,Torres,U,Kevin,Male,9,9-C
100000001165,Flores,V,Mark,Male,9,9-C
100000001166,Rivera,W,John,Male,9,9-C
100000001167,Gonzales,X,Paul,Male,9,9-C
100000001168,Morales,Y,Harper,Female,9,9-C
100000001169,Diaz,Z,Evelyn,Female,9,9-C
100000001170,Alvarez,A,Alexander,Male,9,9-C
100000001171,Rodriguez,B,Christopher,Male,9,9-C
100000001172,Romero,C,Elizabeth,Female,9,9-C
100000001173,Adams,D,Andrew,Male,9,9-C
100000001174,Ortega,E,Ella,Female,9,9-C
100000001175,Salazar,F,Avery,Female,9,9-C
100000001176,Medina,G,Ryan,Male,9,9-C
100000001177,Francisco,H,Camila,Female,9,9-C
100000001178,Legaspi,I,Nicholas,Male,9,9-C
100000001179,Manalo,J,Scarlett,Female,9,9-C
100000001180,Navarro,K,Aaron,Male,9,9-C
100000001181,Santiago,L,Lucas,Male,9,9-C
100000001182,Valdez,M,Luna,Female,9,9-C
100000001183,Espino,N,Noah,Male,9,9-C
100000001184,Castro,O,William,Male,9,9-C
100000001185,Velasco,P,Oliver,Male,9,9-C
100000001186,Mercado,Q,Layla,Female,9,9-C
100000001187,"De Guzman",R,Sebastian,Male,9,9-C
100000001188,Pascual,S,Jack,Male,9,9-C
100000001189,Hernandez,T,Nora,Female,9,9-C
100000001190,Martinez,U,Leo,Male,9,9-C
100000001191,Jimenez,V,Eleanor,Female,9,9-C
100000001192,Suarez,W,Levi,Male,9,9-C
100000001193,Padilla,X,Lillian,Female,9,9-C
100000001194,Cortez,Y,Wyatt,Male,9,9-C
100000001195,Leonardo,Z,Aubrey,Female,9,9-C
100000001196,Magbanua,A,Thomas,Male,9,9-C
100000001197,Tolentino,B,Mateo,Male,9,9-C
100000001198,Arellano,C,Natalie,Female,9,9-C
100000001199,Montemayor,D,Zoe,Female,9,9-C
100000001200,"Dela Cruz",E,Maria,Female,10,10-A
100000001201,Garcia,F,Pedro,Male,10,10-A
100000001202,Reyes,G,Juana,Female,10,10-A
100000001203,Ramos,H,Miguel,Male,10,10-A
100000001204,Santos,I,Elena,Female,10,10-A
100000001205,Bautista,J,Rosa,Female,10,10-A
100000001206,Cruz,K,Luisa,Female,10,10-A
100000001207,Aquino,L,Isabel,Female,10,10-A
100000001208,Fernandez,M,Eduardo,Male,10,10-A
100000001209,Lopez,N,Mariana,Female,10,10-A
100000001210,Mendoza,O,Daniel,Male,10,10-A
100000001211,Castillo,P,Emma,Female,10,10-A
100000001212,Villanueva,Q,Samuel,Male,10,10-A
100000001213,Perez,R,Ava,Female,10,10-A
100000001214,Torres,S,Isabella,Female,10,10-A
100000001215,Flores,T,Mia,Female,10,10-A
100000001216,Rivera,U,Charlotte,Female,10,10-A
100000001217,Gonzales,V,Paul,Male,10,10-A
100000001218,Morales,W,James,Male,10,10-A
100000001219,Diaz,X,Evelyn,Female,10,10-A
100000001220,Alvarez,Y,Alexander,Male,10,10-A
100000001221,Rodriguez,Z,Christopher,Male,10,10-A
100000001222,Romero,A,Elizabeth,Female,10,10-A
100000001223,Adams,B,Mila,Female,10,10-A
100000001224,Ortega,C,Joshua,Male,10,10-A
100000001225,Salazar,D,Benjamin,Male,10,10-A
100000001226,Medina,E,Sofia,Female,10,10-A
100000001227,Francisco,F,Jacob,Male,10,10-A
100000001228,Legaspi,G,Aria,Female,10,10-A
100000001229,Manalo,H,Tyler,Male,10,10-A
100000001230,Navarro,I,Victoria,Female,10,10-A
100000001231,Santiago,J,Lucas,Male,10,10-A
100000001232,Valdez,K,Ethan,Male,10,10-A
100000001233,Espino,L,Noah,Male,10,10-A
100000001234,Castro,M,William,Male,10,10-A
100000001235,Velasco,N,Penelope,Female,10,10-A
100000001236,Mercado,O,Layla,Female,10,10-A
100000001237,"De Guzman",P,Riley,Female,10,10-A
100000001238,Pascual,Q,Zoey,Female,10,10-A
100000001239,Hernandez,R,Owen,Male,10,10-A
100000001240,Martinez,S,Lily,Female,10,10-A
100000001241,Jimenez,T,Julian,Male,10,10-A
100000001242,Suarez,U,Levi,Male,10,10-A
100000001243,Padilla,V,Asher,Male,10,10-A
100000001244,Cortez,W,Addison,Female,10,10-A
100000001245,Leonardo,X,Aubrey,Female,10,10-A
100000001246,Magbanua,Y,Ellie,Female,10,10-A
100000001247,Tolentino,Z,Mateo,Male,10,10-A
100000001248,Arellano,A,Connor,Male,10,10-A
100000001249,Montemayor,B,Zoe,Female,10,10-A
100000001250,"Dela Cruz",C,Juan,Male,10,10-B
100000001251,Garcia,D,Ana,Female,10,10-B
100000001252,Reyes,E,Jose,Male,10,10-B
100000001253,Ramos,F,Miguel,Male,10,10-B
100000001254,Santos,G,Antonio,Male,10,10-B
100000001255,Bautista,H,Rosa,Female,10,10-B
100000001256,Cruz,I,Luisa,Female,10,10-B
100000001257,Aquino,J,Ricardo,Male,10,10-B
100000001258,Fernandez,K,Eduardo,Male,10,10-B
100000001259,Lopez,L,Manuel,Male,10,10-B
100000001260,Mendoza,M,Daniel,Male,10,10-B
100000001261,Castillo,N,Emma,Female,10,10-B
100000001262,Villanueva,O,Olivia,Female,10,10-B
100000001263,Perez,P,David,Male,10,10-B
100000001264,Torres,Q,Kevin,Male,10,10-B
100000001265,Flores,R,Mark,Male,10,10-B
100000001266,Rivera,S,John,Male,10,10-B
100000001267,Gonzales,T,Paul,Male,10,10-B
100000001268,Morales,U,Harper,Female,10,10-B
100000001269,Diaz,V,Evelyn,Female,10,10-B
100000001270,Alvarez,W,Abigail,Female,10,10-B
100000001271,Rodriguez,X,Christopher,Male,10,10-B
100000001272,Romero,Y,Elizabeth,Female,10,10-B
100000001273,Adams,Z,Andrew,Male,10,10-B
100000001274,Ortega,A,Joshua,Male,10,10-B
100000001275,Salazar,B,Avery,Female,10,10-B
100000001276,Medina,C,Ryan,Male,10,10-B
100000001277,Francisco,D,Jacob,Male,10,10-B
100000001278,Legaspi,E,Aria,Female,10,10-B
100000001279,Manalo,F,Tyler,Male,10,10-B
100000001280,Navarro,G,Victoria,Female,10,10-B
100000001281,Santiago,H,Madison,Female,10,10-B
100000001282,Valdez,I,Ethan,Male,10,10-B
100000001283,Espino,J,Noah,Male,10,10-B
100000001284,Castro,K,William,Male,10,10-B
100000001285,Velasco,L,Penelope,Female,10,10-B
100000001286,Mercado,M,Layla,Female,10,10-B
100000001287,"De Guzman",N,Sebastian,Male,10,10-B
100000001288,Pascual,O,Jack,Male,10,10-B
100000001289,Hernandez,P,Nora,Female,10,10-B
100000001290,Martinez,Q,Lily,Female,10,10-B
100000001291,Jimenez,R,Eleanor,Female,10,10-B
100000001292,Suarez,S,Levi,Male,10,10-B
100000001293,Padilla,T,Lillian,Female,10,10-B
100000001294,Cortez,U,Addison,Female,10,10-B
100000001295,Leonardo,V,Aubrey,Female,10,10-B
100000001296,Magbanua,W,Ellie,Female,10,10-B
100000001297,Tolentino,X,Mateo,Male,10,10-B
100000001298,Arellano,Y,Connor,Male,10,10-B
100000001299,Montemayor,Z,Zoe,Female,10,10-B
100000001300,"Dela Cruz",A,Maria,Female,10,10-C
100000001301,Garcia,B,Ana,Female,10,10-C
100000001302,Reyes,C,Jose,Male,10,10-C
100000001303,Ramos,D,Miguel,Male,10,10-C
100000001304,Santos,E,Elena,Female,10,10-C
100000001305,Bautista,F,Rosa,Female,10,10-C
100000001306,Cruz,G,Luisa,Female,10,10-C
100000001307,Aquino,H,Isabel,Female,10,10-C
100000001308,Fernandez,I,Teresa,Female,10,10-C
100000001309,Lopez,J,Mariana,Female,10,10-C
100000001310,Mendoza,K,Daniel,Male,10,10-C
100000001311,Castillo,L,Emma,Female,10,10-C
100000001312,Villanueva,M,Olivia,Female,10,10-C
100000001313,Perez,N,David,Male,10,10-C
100000001314,Torres,O,Isabella,Female,10,10-C
100000001315,Flores,P,Mia,Female,10,10-C
100000001316,Rivera,Q,John,Male,10,10-C
100000001317,Gonzales,R,Amelia,Female,10,10-C
100000001318,Morales,S,Harper,Female,10,10-C
100000001319,Diaz,T,Evelyn,Female,10,10-C
100000001320,Alvarez,U,Abigail,Female,10,10-C
100000001321,Rodriguez,V,Emily,Female,10,10-C
100000001322,Romero,W,Elizabeth,Female,10,10-C
100000001323,Adams,X,Mila,Female,10,10-C
100000001324,Ortega,Y,Ella,Female,10,10-C
100000001325,Salazar,Z,Benjamin,Male,10,10-C
100000001326,Medina,A,Ryan,Male,10,10-C
100000001327,Francisco,B,Jacob,Male,10,10-C
100000001328,Legaspi,C,Aria,Female,10,10-C
100000001329,Manalo,D,Scarlett,Female,10,10-C
100000001330,Navarro,E,Aaron,Male,10,10-C
100000001331,Santiago,F,Lucas,Male,10,10-C
100000001332,Valdez,G,Ethan,Male,10,10-C
100000001333,Espino,H,Grace,Female,10,10-C
100000001334,Castro,I,Chloe,Female,10,10-C
100000001335,Velasco,J,Oliver,Male,10,10-C
100000001336,Mercado,K,Layla,Female,10,10-C
100000001337,"De Guzman",L,Riley,Female,10,10-C
100000001338,Pascual,M,Jack,Male,10,10-C
100000001339,Hernandez,N,Nora,Female,10,10-C
100000001340,Martinez,O,Lily,Female,10,10-C
100000001341,Jimenez,P,Eleanor,Female,10,10-C
100000001342,Suarez,Q,Levi,Male,10,10-C
100000001343,Padilla,R,Lillian,Female,10,10-C
100000001344,Cortez,S,Addison,Female,10,10-C
100000001345,Leonardo,T,Luke,Male,10,10-C
100000001346,Magbanua,U,Ellie,Female,10,10-C
100000001347,Tolentino,V,Mateo,Male,10,10-C
100000001348,Arellano,W,Natalie,Female,10,10-C
100000001349,Montemayor,X,Zoe,Female,10,10-C
100000001350,"Dela Cruz",Y,Maria,Female,11,11-A
100000001351,Garcia,Z,Ana,Female,11,11-A
100000001352,Reyes,A,Jose,Male,11,11-A
100000001353,Ramos,B,Carmen,Female,11,11-A
100000001354,Santos,C,Elena,Female,11,11-A
100000001355,Bautista,D,Rosa,Female,11,11-A
100000001356,Cruz,E,Luisa,Female,11,11-A
100000001357,Aquino,F,Ricardo,Male,11,11-A
100000001358,Fernandez,G,Teresa,Female,11,11-A
100000001359,Lopez,H,Mariana,Female,11,11-A
100000001360,Mendoza,I,Daniel,Male,11,11-A
100000001361,Castillo,J,Emma,Female,11,11-A
100000001362,Villanueva,K,Samuel,Male,11,11-A
100000001363,Perez,L,Ava,Female,11,11-A
100000001364,Torres,M,Kevin,Male,11,11-A
100000001365,Flores,N,Mia,Female,11,11-A
100000001366,Rivera,O,John,Male,11,11-A
100000001367,Gonzales,P,Amelia,Female,11,11-A
100000001368,Morales,Q,Harper,Female,11,11-A
100000001369,Diaz,R,Michael,Male,11,11-A
100000001370,Alvarez,S,Abigail,Female,11,11-A
100000001371,Rodriguez,T,Emily,Female,11,11-A
100000001372,Romero,U,Matthew,Male,11,11-A
100000001373,Adams,V,Mila,Female,11,11-A
100000001374,Ortega,W,Joshua,Male,11,11-A
100000001375,Salazar,X,Avery,Female,11,11-A
100000001376,Medina,Y,Ryan,Male,11,11-A
100000001377,Francisco,Z,Jacob,Male,11,11-A
100000001378,Legaspi,A,Aria,Female,11,11-A
100000001379,Manalo,B,Tyler,Male,11,11-A
100000001380,Navarro,C,Victoria,Female,11,11-A
100000001381,Santiago,D,Madison,Female,11,11-A
100000001382,Valdez,E,Luna,Female,11,11-A
100000001383,Espino,F,Noah,Male,11,11-A
100000001384,Castro,G,Chloe,Female,11,11-A
100000001385,Velasco,H,Oliver,Male,11,11-A
100000001386,Mercado,I,Layla,Female,11,11-A
100000001387,"De Guzman",J,Riley,Female,11,11-A
100000001388,Pascual,K,Jack,Male,11,11-A
100000001389,Hernandez,L,Owen,Male,11,11-A
100000001390,Martinez,M,Leo,Male,11,11-A
100000001391,Jimenez,N,Julian,Male,11,11-A
100000001392,Suarez,O,Hannah,Female,11,11-A
100000001393,Padilla,P,Lillian,Female,11,11-A
100000001394,Cortez,Q,Wyatt,Male,11,11-A
100000001395,Leonardo,R,Luke,Male,11,11-A
100000001396,Magbanua,S,Ellie,Female,11,11-A
100000001397,Tolentino,T,Stella,Female,11,11-A
100000001398,Arellano,U,Natalie,Female,11,11-A
100000001399,Montemayor,V,Zoe,Female,11,11-A
100000001400,"Dela Cruz",W,Maria,Female,11,11-B
100000001401,Garcia,X,Ana,Female,11,11-B
100000001402,Reyes,Y,Juana,Female,11,11-B
100000001403,Ramos,Z,Miguel,Male,11,11-B
100000001404,Santos,A,Elena,Female,11,11-B
100000001405,Bautista,B,Rosa,Female,11,11-B
100000001406,Cruz,C,Luisa,Female,11,11-B
100000001407,Aquino,D,Ricardo,Male,11,11-B
100000001408,Fernandez,E,Teresa,Female,11,11-B
100000001409,Lopez,F,Manuel,Male,11,11-B
100000001410,Mendoza,G,Daniel,Male,11,11-B
100000001411,Castillo,H,Gabriel,Male,11,11-B
100000001412,Villanueva,I,Samuel,Male,11,11-B
100000001413,Perez,J,Ava,Female,11,11-B
100000001414,Torres,K,Isabella,Female,11,11-B
100000001415,Flores,L,Mark,Male,11,11-B
100000001416,Rivera,M,John,Male,11,11-B
100000001417,Gonzales,N,Amelia,Female,11,11-B
100000001418,Morales,O,Harper,Female,11,11-B
100000001419,Diaz,P,Michael,Male,11,11-B
100000001420,Alvarez,Q,Abigail,Female,11,11-B
100000001421,Rodriguez,R,Emily,Female,11,11-B
100000001422,Romero,S,Matthew,Male,11,11-B
100000001423,Adams,T,Mila,Female,11,11-B
100000001424,Ortega,U,Ella,Female,11,11-B
100000001425,Salazar,V,Avery,Female,11,11-B
100000001426,Medina,W,Ryan,Male,11,11-B
100000001427,Francisco,X,Jacob,Male,11,11-B
100000001428,Legaspi,Y,Aria,Female,11,11-B
100000001429,Manalo,Z,Tyler,Male,11,11-B
100000001430,Navarro,A,Victoria,Female,11,11-B
100000001431,Santiago,B,Lucas,Male,11,11-B
100000001432,Valdez,C,Luna,Female,11,11-B
100000001433,Espino,D,Grace,Female,11,11-B
100000001434,Castro,E,William,Male,11,11-B
100000001435,Velasco,F,Oliver,Male,11,11-B
100000001436,Mercado,G,Henry,Male,11,11-B
100000001437,"De Guzman",H,Sebastian,Male,11,11-B
100000001438,Pascual,I,Zoey,Female,11,11-B
100000001439,Hernandez,J,Nora,Female,11,11-B
100000001440,Martinez,K,Leo,Male,11,11-B
100000001441,Jimenez,L,Julian,Male,11,11-B
100000001442,Suarez,M,Levi,Male,11,11-B
100000001443,Padilla,N,Lillian,Female,11,11-B
100000001444,Cortez,O,Wyatt,Male,11,11-B
100000001445,Leonardo,P,Aubrey,Female,11,11-B
100000001446,Magbanua,Q,Thomas,Male,11,11-B
100000001447,Tolentino,R,Stella,Female,11,11-B
100000001448,Arellano,S,Connor,Male,11,11-B
100000001449,Montemayor,T,Nathan,Male,11,11-B
100000001450,"Dela Cruz",U,Maria,Female,11,11-C
100000001451,Garcia,V,Ana,Female,11,11-C
100000001452,Reyes,W,Juana,Female,11,11-C
100000001453,Ramos,X,Miguel,Male,11,11-C
100000001454,Santos,Y,Elena,Female,11,11-C
100000001455,Bautista,Z,Rosa,Female,11,11-C
100000001456,Cruz,A,Luisa,Female,11,11-C
100000001457,Aquino,B,Isabel,Female,11,11-C
100000001458,Fernandez,C,Teresa,Female,11,11-C
100000001459,Lopez,D,Mariana,Female,11,11-C
100000001460,Mendoza,E,Daniel,Male,11,11-C
100000001461,Castillo,F,Emma,Female,11,11-C
100000001462,Villanueva,G,Samuel,Male,11,11-C
100000001463,Perez,H,Ava,Female,11,11-C
100000001464,Torres,I,Kevin,Male,11,11-C
100000001465,Flores,J,Mia,Female,11,11-C
100000001466,Rivera,K,John,Male,11,11-C
100000001467,Gonzales,L,Amelia,Female,11,11-C
100000001468,Morales,M,Harper,Female,11,11-C
100000001469,Diaz,N,Evelyn,Female,11,11-C
100000001470,Alvarez,O,Alexander,Male,11,11-C
100000001471,Rodriguez,P,Christopher,Male,11,11-C
100000001472,Romero,Q,Elizabeth,Female,11,11-C
100000001473,Adams,R,Andrew,Male,11,11-C
100000001474,Ortega,S,Joshua,Male,11,11-C
100000001475,Salazar,T,Avery,Female,11,11-C
100000001476,Medina,U,Ryan,Male,11,11-C
100000001477,Francisco,V,Camila,Female,11,11-C
100000001478,Legaspi,W,Aria,Female,11,11-C
100000001479,Manalo,X,Tyler,Male,11,11-C
100000001480,Navarro,Y,Victoria,Female,11,11-C
100000001481,Santiago,Z,Madison,Female,11,11-C
100000001482,Valdez,A,Luna,Female,11,11-C
100000001483,Espino,B,Noah,Male,11,11-C
100000001484,Castro,C,William,Male,11,11-C
100000001485,Velasco,D,Oliver,Male,11,11-C
100000001486,Mercado,E,Henry,Male,11,11-C
100000001487,"De Guzman",F,Riley,Female,11,11-C
100000001488,Pascual,G,Jack,Male,11,11-C
100000001489,Hernandez,H,Nora,Female,11,11-C
100000001490,Martinez,I,Leo,Male,11,11-C
100000001491,Jimenez,J,Eleanor,Female,11,11-C
100000001492,Suarez,K,Levi,Male,11,11-C
100000001493,Padilla,L,Asher,Male,11,11-C
100000001494,Cortez,M,Addison,Female,11,11-C
100000001495,Leonardo,N,Aubrey,Female,11,11-C
100000001496,Magbanua,O,Ellie,Female,11,11-C
100000001497,Tolentino,P,Stella,Female,11,11-C
100000001498,Arellano,Q,Natalie,Female,11,11-C
100000001499,Montemayor,R,Nathan,Male,11,11-C
